{"mean":{"confidence_interval":{"confidence_level":0.95,"lower_bound":84261.4444340149,"upper_bound":84653.97830450154},"point_estimate":84444.43862450497,"standard_error":100.16664095554147},"median":{"confidence_interval":{"confidence_level":0.95,"lower_bound":84080.90416666666,"upper_bound":84368.11155913978},"point_estimate":84272.92072916667,"standard_error":72.73047712256475},"median_abs_dev":{"confidence_interval":{"confidence_level":0.95,"lower_bound":526.7426684262307,"upper_bound":800.9958304594795},"point_estimate":676.6983797444716,"standard_error":68.91104099944715},"slope":{"confidence_interval":{"confidence_level":0.95,"lower_bound":84253.39235070146,"upper_bound":84798.47831070925},"point_estimate":84502.10091719619,"standard_error":139.79465719239064},"std_dev":{"confidence_interval":{"confidence_level":0.95,"lower_bound":628.3608855219321,"upper_bound":1388.9570027304298},"point_estimate":1012.1374250323181,"standard_error":199.95481751298888}}