{"mean":{"confidence_interval":{"confidence_level":0.95,"lower_bound":11643270.162199998,"upper_bound":11645162.947199995},"point_estimate":11644217.126000002,"standard_error":482.38419914756395},"median":{"confidence_interval":{"confidence_level":0.95,"lower_bound":11643018.2,"upper_bound":11645565.1},"point_estimate":11644193.2,"standard_error":693.9284106938877},"median_abs_dev":{"confidence_interval":{"confidence_level":0.95,"lower_bound":4279.524824023247,"upper_bound":6272.13918864727},"point_estimate":5594.7392606743515,"standard_error":510.01437692823845},"slope":null,"std_dev":{"confidence_interval":{"confidence_level":0.95,"lower_bound":4180.334966850228,"upper_bound":5459.138940495339},"point_estimate":4845.273907063376,"standard_error":325.0842050984011}}