{"mean":{"confidence_interval":{"confidence_level":0.95,"lower_bound":3989620.3894423097,"upper_bound":4005415.79248077},"point_estimate":3997462.5992307705,"standard_error":4033.655121779636},"median":{"confidence_interval":{"confidence_level":0.95,"lower_bound":3984132.0,"upper_bound":4008630.3076923075},"point_estimate":3996995.769230769,"standard_error":7409.467397327828},"median_abs_dev":{"confidence_interval":{"confidence_level":0.95,"lower_bound":34889.65595616151,"upper_bound":56625.33282835272},"point_estimate":49677.64838727602,"standard_error":5652.058768576344},"slope":null,"std_dev":{"confidence_interval":{"confidence_level":0.95,"lower_bound":36017.993873757514,"upper_bound":44565.526930771215},"point_estimate":40616.69552341356,"standard_error":2188.6731314528547}}