{"mean":{"confidence_interval":{"confidence_level":0.95,"lower_bound":4402017.403895835,"upper_bound":4423147.503916667},"point_estimate":4412065.766666665,"standard_error":5397.950286634652},"median":{"confidence_interval":{"confidence_level":0.95,"lower_bound":4386874.833333333,"upper_bound":4409977.666666667},"point_estimate":4394055.708333333,"standard_error":5564.792575588044},"median_abs_dev":{"confidence_interval":{"confidence_level":0.95,"lower_bound":27483.88233706355,"upper_bound":48081.458446383476},"point_estimate":37395.742686092395,"standard_error":5091.425125681879},"slope":null,"std_dev":{"confidence_interval":{"confidence_level":0.95,"lower_bound":41324.98406569253,"upper_bound":66848.89757974022},"point_estimate":54504.223699982846,"standard_error":6551.871737989396}}