{"mean":{"confidence_interval":{"confidence_level":0.95,"lower_bound":4356742.600854169,"upper_bound":4364526.274583333},"point_estimate":4360469.846666669,"standard_error":1986.9591319041233},"median":{"confidence_interval":{"confidence_level":0.95,"lower_bound":4352674.583333333,"upper_bound":4360591.25},"point_estimate":4355938.916666666,"standard_error":2356.6222803823034},"median_abs_dev":{"confidence_interval":{"confidence_level":0.95,"lower_bound":12446.323305908134,"upper_bound":20136.79639250132},"point_estimate":16328.553035110466,"standard_error":1959.1291449953324},"slope":null,"std_dev":{"confidence_interval":{"confidence_level":0.95,"lower_bound":14918.57707555473,"upper_bound":24909.493554650722},"point_estimate":20052.524806601014,"standard_error":2565.5909448427437}}