{"mean":{"confidence_interval":{"confidence_level":0.95,"lower_bound":3413666.948766666,"upper_bound":3431852.570133335},"point_estimate":3422313.622,"standard_error":4643.896430914812},"median":{"confidence_interval":{"confidence_level":0.95,"lower_bound":3405196.3,"upper_bound":3417570.033333333},"point_estimate":3411637.5,"standard_error":3191.681127316423},"median_abs_dev":{"confidence_interval":{"confidence_level":0.95,"lower_bound":23607.983000874567,"upper_bound":41403.28454494472},"point_estimate":32337.28454589837,"standard_error":4672.585663686147},"slope":null,"std_dev":{"confidence_interval":{"confidence_level":0.95,"lower_bound":35569.41931717882,"upper_bound":56604.994747722885},"point_estimate":46562.666556989876,"standard_error":5394.326607453852}}