{"mean":{"confidence_interval":{"confidence_level":0.95,"lower_bound":532897.8880960632,"upper_bound":582351.6779642432},"point_estimate":555206.8848400662,"standard_error":12697.162890614656},"median":{"confidence_interval":{"confidence_level":0.95,"lower_bound":499513.32,"upper_bound":520668.52678571426},"point_estimate":505336.1202380953,"standard_error":6380.850872655967},"median_abs_dev":{"confidence_interval":{"confidence_level":0.95,"lower_bound":19671.944205677442,"upper_bound":49458.338814848285},"point_estimate":27794.451619120347,"standard_error":9108.935377794056},"slope":{"confidence_interval":{"confidence_level":0.95,"lower_bound":516820.85203058325,"upper_bound":550266.9942531491},"point_estimate":531369.3063573223,"standard_error":8579.450586250221},"std_dev":{"confidence_interval":{"confidence_level":0.95,"lower_bound":69822.04214761264,"upper_bound":184315.3204276918},"point_estimate":127733.57264446489,"standard_error":31356.757936515398}}