{"mean":{"confidence_interval":{"confidence_level":0.95,"lower_bound":3749961.214285715,"upper_bound":3752465.6814285694},"point_estimate":3751090.547857142,"standard_error":640.2602741018335},"median":{"confidence_interval":{"confidence_level":0.95,"lower_bound":3747775.9285714286,"upper_bound":3749249.1428571427},"point_estimate":3748224.8571428573,"standard_error":459.7192059103117},"median_abs_dev":{"confidence_interval":{"confidence_level":0.95,"lower_bound":834.8626351780774,"upper_bound":3082.1135452813987},"point_estimate":1489.6423235535622,"standard_error":648.3053633898556},"slope":null,"std_dev":{"confidence_interval":{"confidence_level":0.95,"lower_bound":3831.1665768731905,"upper_bound":9149.027407592439},"point_estimate":6458.076315575727,"standard_error":1438.9362538336059}}