{"mean":{"confidence_interval":{"confidence_level":0.95,"lower_bound":8779438.550791666,"upper_bound":8780532.45725},"point_estimate":8779979.530000001,"standard_error":279.42471836052823},"median":{"confidence_interval":{"confidence_level":0.95,"lower_bound":8779162.0,"upper_bound":8780739.416666668},"point_estimate":8780067.25,"standard_error":359.08223792642326},"median_abs_dev":{"confidence_interval":{"confidence_level":0.95,"lower_bound":2063.7791633605957,"upper_bound":3365.6254902477776},"point_estimate":2683.3824023608995,"standard_error":335.84783780471315},"slope":null,"std_dev":{"confidence_interval":{"confidence_level":0.95,"lower_bound":2427.2382973724784,"upper_bound":3176.045457535171},"point_estimate":2822.763288961854,"standard_error":191.84020926044192}}