{"mean":{"confidence_interval":{"confidence_level":0.95,"lower_bound":6052.500417181395,"upper_bound":6058.657185069883},"point_estimate":6055.551901102534,"standard_error":1.580335156587657},"median":{"confidence_interval":{"confidence_level":0.95,"lower_bound":6046.231141207548,"upper_bound":6057.613837764145},"point_estimate":6051.768329392648,"standard_error":2.855034752673446},"median_abs_dev":{"confidence_interval":{"confidence_level":0.95,"lower_bound":9.912792896215953,"upper_bound":19.125084875185866},"point_estimate":14.349833053929036,"standard_error":2.291557590051248},"slope":{"confidence_interval":{"confidence_level":0.95,"lower_bound":6050.6569476700015,"upper_bound":6057.92920979214},"point_estimate":6054.423897351003,"standard_error":1.8325247995404004},"std_dev":{"confidence_interval":{"confidence_level":0.95,"lower_bound":13.052093444167493,"upper_bound":18.49046295323165},"point_estimate":15.91508744240446,"standard_error":1.4187385126116516}}