{"mean":{"confidence_interval":{"confidence_level":0.95,"lower_bound":18114.971672263153,"upper_bound":18213.804724041052},"point_estimate":18162.586043392606,"standard_error":25.17652102937615},"median":{"confidence_interval":{"confidence_level":0.95,"lower_bound":18064.497976952625,"upper_bound":18181.016363636365},"point_estimate":18141.085766758493,"standard_error":32.325688772067394},"median_abs_dev":{"confidence_interval":{"confidence_level":0.95,"lower_bound":194.9797099735405,"upper_bound":318.92265709607733},"point_estimate":259.6337426322179,"standard_error":31.931969468599007},"slope":{"confidence_interval":{"confidence_level":0.95,"lower_bound":18051.35501988872,"upper_bound":18179.770736403156},"point_estimate":18113.866210513588,"standard_error":32.878070227986335},"std_dev":{"confidence_interval":{"confidence_level":0.95,"lower_bound":200.88509703556838,"upper_bound":310.9716835462651},"point_estimate":252.52053008323242,"standard_error":29.038660220668543}}