{"mean":{"confidence_interval":{"confidence_level":0.95,"lower_bound":2655105.679960525,"upper_bound":2658404.0521710524},"point_estimate":2656709.628421052,"standard_error":840.2473176190729},"median":{"confidence_interval":{"confidence_level":0.95,"lower_bound":2652425.1842105263,"upper_bound":2656755.4210526315},"point_estimate":2654835.7894736845,"standard_error":1008.7704176341819},"median_abs_dev":{"confidence_interval":{"confidence_level":0.95,"lower_bound":5394.713114750976,"upper_bound":9402.805096224862},"point_estimate":7664.573674453241,"standard_error":1030.4426366681396},"slope":null,"std_dev":{"confidence_interval":{"confidence_level":0.95,"lower_bound":6778.95850811475,"upper_bound":10187.191713441323},"point_estimate":8489.095033467644,"standard_error":878.4238285780717}}