{"mean":{"confidence_interval":{"confidence_level":0.95,"lower_bound":22686.89181895187,"upper_bound":22707.597916977866},"point_estimate":22697.478785000403,"standard_error":5.199855063444035},"median":{"confidence_interval":{"confidence_level":0.95,"lower_bound":22686.16022727273,"upper_bound":22718.16944764097},"point_estimate":22703.956275069944,"standard_error":8.098179123775184},"median_abs_dev":{"confidence_interval":{"confidence_level":0.95,"lower_bound":41.268602535803,"upper_bound":68.02258533781443},"point_estimate":52.390587270501776,"standard_error":6.853621517791836},"slope":{"confidence_interval":{"confidence_level":0.95,"lower_bound":22686.148079380604,"upper_bound":22703.87960775307},"point_estimate":22695.18737912597,"standard_error":4.556238935842593},"std_dev":{"confidence_interval":{"confidence_level":0.95,"lower_bound":45.13499985510799,"upper_bound":59.547966833415344},"point_estimate":52.510891862120175,"standard_error":3.652734093540276}}