{"mean":{"confidence_interval":{"confidence_level":0.95,"lower_bound":3227411.228390625,"upper_bound":3228006.6},"point_estimate":3227706.14625,"standard_error":152.3959003107306},"median":{"confidence_interval":{"confidence_level":0.95,"lower_bound":3227216.875,"upper_bound":3227981.9375},"point_estimate":3227398.625,"standard_error":240.47075829363877},"median_abs_dev":{"confidence_interval":{"confidence_level":0.95,"lower_bound":1155.6403482332826,"upper_bound":1940.3063843026757},"point_estimate":1406.5240625292063,"standard_error":215.59320375084314},"slope":null,"std_dev":{"confidence_interval":{"confidence_level":0.95,"lower_bound":1328.027739040738,"upper_bound":1711.1241702471507},"point_estimate":1532.7542315791943,"standard_error":97.98652899155383}}