{"mean":{"confidence_interval":{"confidence_level":0.95,"lower_bound":5067.380279456451,"upper_bound":5091.501377568664},"point_estimate":5079.490284011542,"standard_error":6.137514186685451},"median":{"confidence_interval":{"confidence_level":0.95,"lower_bound":5073.890228426396,"upper_bound":5103.419289340101},"point_estimate":5085.6503833767,"standard_error":7.437169645485603},"median_abs_dev":{"confidence_interval":{"confidence_level":0.95,"lower_bound":41.56114171382022,"upper_bound":82.22058411445192},"point_estimate":60.334552436219724,"standard_error":10.20302985576035},"slope":{"confidence_interval":{"confidence_level":0.95,"lower_bound":5067.680105469017,"upper_bound":5095.5730056411585},"point_estimate":5081.724483117908,"standard_error":7.09821622514109},"std_dev":{"confidence_interval":{"confidence_level":0.95,"lower_bound":53.3539486366975,"upper_bound":69.50193962570184},"point_estimate":61.61705034632585,"standard_error":4.133509278151305}}