{"mean":{"confidence_interval":{"confidence_level":0.95,"lower_bound":22918.922480711935,"upper_bound":23017.792661024192},"point_estimate":22967.57155076552,"standard_error":25.244889798891272},"median":{"confidence_interval":{"confidence_level":0.95,"lower_bound":22881.259897360706,"upper_bound":23027.369565217392},"point_estimate":22931.21185064935,"standard_error":35.80010530291901},"median_abs_dev":{"confidence_interval":{"confidence_level":0.95,"lower_bound":211.58578424946793,"upper_bound":337.21509970746666},"point_estimate":258.37687176456564,"standard_error":32.073881648599055},"slope":{"confidence_interval":{"confidence_level":0.95,"lower_bound":23008.97493821864,"upper_bound":23104.096854897958},"point_estimate":23056.774887891774,"standard_error":24.29187968632209},"std_dev":{"confidence_interval":{"confidence_level":0.95,"lower_bound":223.00464045134183,"upper_bound":280.5557516389873},"point_estimate":253.83883938852793,"standard_error":14.64850024288375}}