{"mean":{"confidence_interval":{"confidence_level":0.95,"lower_bound":386536.1546420257,"upper_bound":387159.6545314179},"point_estimate":386846.14219669474,"standard_error":158.02412096010445},"median":{"confidence_interval":{"confidence_level":0.95,"lower_bound":385868.8125,"upper_bound":387523.5238095238},"point_estimate":387173.8435185185,"standard_error":317.0791367471246},"median_abs_dev":{"confidence_interval":{"confidence_level":0.95,"lower_bound":805.0482388175425,"upper_bound":2661.4291139521015},"point_estimate":1799.4387951369279,"standard_error":568.6682355331337},"slope":{"confidence_interval":{"confidence_level":0.95,"lower_bound":385572.1606396886,"upper_bound":386100.412849964},"point_estimate":385806.25773114624,"standard_error":136.63287955581146},"std_dev":{"confidence_interval":{"confidence_level":0.95,"lower_bound":1359.067464692533,"upper_bound":1827.9788482225215},"point_estimate":1590.96735152755,"standard_error":120.94699400363326}}