{"mean":{"confidence_interval":{"confidence_level":0.95,"lower_bound":707077.7245703632,"upper_bound":707484.2172367935},"point_estimate":707280.7235880397,"standard_error":104.3047830527185},"median":{"confidence_interval":{"confidence_level":0.95,"lower_bound":706485.9003496503,"upper_bound":708147.0890410959},"point_estimate":706823.5438596492,"standard_error":549.8390962861828},"median_abs_dev":{"confidence_interval":{"confidence_level":0.95,"lower_bound":487.7171463412232,"upper_bound":1592.7073671261105},"point_estimate":1196.8543877063696,"standard_error":340.246030073564},"slope":{"confidence_interval":{"confidence_level":0.95,"lower_bound":707550.7226197744,"upper_bound":707901.3722858637},"point_estimate":707743.5501566426,"standard_error":89.99574684404905},"std_dev":{"confidence_interval":{"confidence_level":0.95,"lower_bound":946.2579554207138,"upper_bound":1174.691152788014},"point_estimate":1049.4861197391263,"standard_error":60.582191270890284}}