{"mean":{"confidence_interval":{"confidence_level":0.95,"lower_bound":14987290.411375,"upper_bound":14988740.74},"point_estimate":14987995.09,"standard_error":370.7779227239957},"median":{"confidence_interval":{"confidence_level":0.95,"lower_bound":14986706.625,"upper_bound":14988341.5},"point_estimate":14987512.75,"standard_error":449.0193753352011},"median_abs_dev":{"confidence_interval":{"confidence_level":0.95,"lower_bound":2470.7528561353683,"upper_bound":3984.116779267788},"point_estimate":3176.4704436063766,"standard_error":391.7160817958709},"slope":null,"std_dev":{"confidence_interval":{"confidence_level":0.95,"lower_bound":2988.229562292378,"upper_bound":4444.778045008455},"point_estimate":3723.329225758023,"standard_error":375.07992674637586}}