{"mean":{"confidence_interval":{"confidence_level":0.95,"lower_bound":4318913.307291667,"upper_bound":4319185.899270833},"point_estimate":4319046.953333333,"standard_error":69.62779077471404},"median":{"confidence_interval":{"confidence_level":0.95,"lower_bound":4318833.916666667,"upper_bound":4319172.041666667},"point_estimate":4318959.416666667,"standard_error":90.25991750400289},"median_abs_dev":{"confidence_interval":{"confidence_level":0.95,"lower_bound":514.9563908572363,"upper_bound":807.4610106653919},"point_estimate":654.9385383725166,"standard_error":73.50279480501919},"slope":null,"std_dev":{"confidence_interval":{"confidence_level":0.95,"lower_bound":589.7360395764398,"upper_bound":797.7698813855534},"point_estimate":698.6333195578442,"standard_error":53.23426529897147}}