{"mean":{"confidence_interval":{"confidence_level":0.95,"lower_bound":3606432.555714288,"upper_bound":3609262.1775},"point_estimate":3607790.064285715,"standard_error":725.1156461696833},"median":{"confidence_interval":{"confidence_level":0.95,"lower_bound":3604160.0,"upper_bound":3606198.7857142854},"point_estimate":3604759.071428572,"standard_error":533.4470171598533},"median_abs_dev":{"confidence_interval":{"confidence_level":0.95,"lower_bound":1329.0449764048337,"upper_bound":4995.726511308371},"point_estimate":2479.966155972539,"standard_error":1076.3800087401441},"slope":null,"std_dev":{"confidence_interval":{"confidence_level":0.95,"lower_bound":5742.107656708549,"upper_bound":8569.752621743357},"point_estimate":7281.441330086084,"standard_error":722.9565241816811}}