{"mean":{"confidence_interval":{"confidence_level":0.95,"lower_bound":5532.685932309253,"upper_bound":5546.311569272204},"point_estimate":5539.393959964783,"standard_error":3.4817682502172698},"median":{"confidence_interval":{"confidence_level":0.95,"lower_bound":5521.8641837368095,"upper_bound":5540.1718327626595},"point_estimate":5533.880770661282,"standard_error":4.8545727801626715},"median_abs_dev":{"confidence_interval":{"confidence_level":0.95,"lower_bound":23.674166840951802,"upper_bound":42.58842498644283},"point_estimate":36.07402083075097,"standard_error":5.055502706376454},"slope":{"confidence_interval":{"confidence_level":0.95,"lower_bound":5536.267021993864,"upper_bound":5552.063165612847},"point_estimate":5543.939627654086,"standard_error":4.0324626318218915},"std_dev":{"confidence_interval":{"confidence_level":0.95,"lower_bound":30.468726558220368,"upper_bound":39.04722027058168},"point_estimate":35.051313447487956,"standard_error":2.189901391365436}}