{"mean":{"confidence_interval":{"confidence_level":0.95,"lower_bound":3477134.8038333347,"upper_bound":3550008.071166667},"point_estimate":3511530.8999999994,"standard_error":18625.362992936058},"median":{"confidence_interval":{"confidence_level":0.95,"lower_bound":3430855.466666667,"upper_bound":3460397.9},"point_estimate":3443239.9333333336,"standard_error":8967.604234827499},"median_abs_dev":{"confidence_interval":{"confidence_level":0.95,"lower_bound":46521.0713940857,"upper_bound":85326.33546565477},"point_estimate":64862.068568467796,"standard_error":10979.736468400875},"slope":null,"std_dev":{"confidence_interval":{"confidence_level":0.95,"lower_bound":130836.3641838499,"upper_bound":237002.68094185434},"point_estimate":188089.95384798074,"standard_error":26994.925154730794}}