{"mean":{"confidence_interval":{"confidence_level":0.95,"lower_bound":340706.6237107347,"upper_bound":340825.94333004876},"point_estimate":340764.8294043209,"standard_error":30.448308899244633},"median":{"confidence_interval":{"confidence_level":0.95,"lower_bound":340711.48633879784,"upper_bound":340819.64494184765},"point_estimate":340757.9072047423,"standard_error":24.296076113017385},"median_abs_dev":{"confidence_interval":{"confidence_level":0.95,"lower_bound":179.83893085153548,"upper_bound":365.06981024940796},"point_estimate":269.11262444066523,"standard_error":50.23963093367873},"slope":{"confidence_interval":{"confidence_level":0.95,"lower_bound":340491.2317064803,"upper_bound":340589.9293900244},"point_estimate":340536.7036313482,"standard_error":25.16564327698216},"std_dev":{"confidence_interval":{"confidence_level":0.95,"lower_bound":245.2550748120607,"upper_bound":370.5665671254812},"point_estimate":305.98898186097676,"standard_error":32.70662868187797}}