{"mean":{"confidence_interval":{"confidence_level":0.95,"lower_bound":51839.71481953589,"upper_bound":51854.72027372297},"point_estimate":51847.16407721233,"standard_error":3.8114525927981724},"median":{"confidence_interval":{"confidence_level":0.95,"lower_bound":51838.76666666667,"upper_bound":51859.236666666664},"point_estimate":51848.930362021856,"standard_error":4.309262377857982},"median_abs_dev":{"confidence_interval":{"confidence_level":0.95,"lower_bound":31.596176981607762,"upper_bound":52.42812821776962},"point_estimate":43.616631148118834,"standard_error":5.265202622519375},"slope":{"confidence_interval":{"confidence_level":0.95,"lower_bound":51832.269296777544,"upper_bound":51855.76171041618},"point_estimate":51844.16526658785,"standard_error":5.999484190517763},"std_dev":{"confidence_interval":{"confidence_level":0.95,"lower_bound":33.608056680957624,"upper_bound":43.14467481520932},"point_estimate":38.580576230821684,"standard_error":2.443389371354895}}