{"mean":{"confidence_interval":{"confidence_level":0.95,"lower_bound":2121153.698666668,"upper_bound":2126329.01271875},"point_estimate":2123651.8220833335,"standard_error":1319.8871301809756},"median":{"confidence_interval":{"confidence_level":0.95,"lower_bound":2120932.333333333,"upper_bound":2124314.9375},"point_estimate":2122600.979166667,"standard_error":1009.9299330034117},"median_abs_dev":{"confidence_interval":{"confidence_level":0.95,"lower_bound":7773.840764174139,"upper_bound":14596.463917736166},"point_estimate":12043.128698691151,"standard_error":1684.1862545210438},"slope":null,"std_dev":{"confidence_interval":{"confidence_level":0.95,"lower_bound":10292.26573633508,"upper_bound":15990.739611527804},"point_estimate":13193.515526738678,"standard_error":1468.1883718437014}}