{"mean":{"confidence_interval":{"confidence_level":0.95,"lower_bound":230150.31285058058,"upper_bound":230173.06351819544},"point_estimate":230160.1925841075,"standard_error":5.845231690420569},"median":{"confidence_interval":{"confidence_level":0.95,"lower_bound":230145.96666666667,"upper_bound":230159.46666666667},"point_estimate":230153.41504761906,"standard_error":3.272588332806526},"median_abs_dev":{"confidence_interval":{"confidence_level":0.95,"lower_bound":23.023959196560885,"upper_bound":36.16107966264905},"point_estimate":29.899568107121667,"standard_error":3.2351643028020094},"slope":{"confidence_interval":{"confidence_level":0.95,"lower_bound":230154.7638114968,"upper_bound":230167.13227162347},"point_estimate":230161.0407294222,"standard_error":3.15917430196629},"std_dev":{"confidence_interval":{"confidence_level":0.95,"lower_bound":26.914187315350386,"upper_bound":89.31159050590922},"point_estimate":58.56228396195843,"standard_error":17.831758201945444}}