{"mean":{"confidence_interval":{"confidence_level":0.95,"lower_bound":3606391.430267858,"upper_bound":3614341.712589286},"point_estimate":3610158.4142857147,"standard_error":2037.7339434942241},"median":{"confidence_interval":{"confidence_level":0.95,"lower_bound":3604188.0714285714,"upper_bound":3610006.4285714286},"point_estimate":3606390.6428571427,"standard_error":1366.1909166286305},"median_abs_dev":{"confidence_interval":{"confidence_level":0.95,"lower_bound":12312.569181407905,"upper_bound":19481.756807879676},"point_estimate":16420.27125848181,"standard_error":1869.0508838278743},"slope":null,"std_dev":{"confidence_interval":{"confidence_level":0.95,"lower_bound":14375.997543625981,"upper_bound":26632.931677282675},"point_estimate":20359.361690840444,"standard_error":3221.9375104216283}}