{"mean":{"confidence_interval":{"confidence_level":0.95,"lower_bound":2983980.4808382355,"upper_bound":2998557.3513382357},"point_estimate":2991140.5088235294,"standard_error":3717.6526840685924},"median":{"confidence_interval":{"confidence_level":0.95,"lower_bound":2969426.3529411764,"upper_bound":2990120.94485294},"point_estimate":2981003.470588235,"standard_error":5435.385998252036},"median_abs_dev":{"confidence_interval":{"confidence_level":0.95,"lower_bound":21445.416166326497,"upper_bound":47238.25151429465},"point_estimate":36684.53802518954,"standard_error":6466.031652750896},"slope":null,"std_dev":{"confidence_interval":{"confidence_level":0.95,"lower_bound":32574.469046548224,"upper_bound":41654.79003279377},"point_estimate":37389.12599316579,"standard_error":2328.7961152033126}}