{"mean":{"confidence_interval":{"confidence_level":0.95,"lower_bound":3218334.2843124997,"upper_bound":3218659.963125},"point_estimate":3218494.438125,"standard_error":83.13848379212847},"median":{"confidence_interval":{"confidence_level":0.95,"lower_bound":3218264.9375,"upper_bound":3218582.375},"point_estimate":3218402.375,"standard_error":72.7874887348071},"median_abs_dev":{"confidence_interval":{"confidence_level":0.95,"lower_bound":524.1917531937361,"upper_bound":851.8475056579334},"point_estimate":689.1773315146565,"standard_error":84.78810322402641},"slope":null,"std_dev":{"confidence_interval":{"confidence_level":0.95,"lower_bound":692.2175976670205,"upper_bound":961.1071680123041},"point_estimate":833.2165563299528,"standard_error":68.84433715228654}}