{"mean":{"confidence_interval":{"confidence_level":0.95,"lower_bound":10963881.450650005,"upper_bound":10966630.877999997},"point_estimate":10965226.201999998,"standard_error":699.4705823467763},"median":{"confidence_interval":{"confidence_level":0.95,"lower_bound":10962493.2,"upper_bound":10964905.4},"point_estimate":10963817.5,"standard_error":595.4863434715643},"median_abs_dev":{"confidence_interval":{"confidence_level":0.95,"lower_bound":3545.0447970623213,"upper_bound":7188.237712383822},"point_estimate":4821.859894394598,"standard_error":985.990375784089},"slope":null,"std_dev":{"confidence_interval":{"confidence_level":0.95,"lower_bound":5109.922738624528,"upper_bound":8904.885963366945},"point_estimate":7030.2890182694755,"standard_error":982.6723113165311}}