{"mean":{"confidence_interval":{"confidence_level":0.95,"lower_bound":2432910.0871547614,"upper_bound":2436696.273964285},"point_estimate":2434774.151428571,"standard_error":968.1422975607366},"median":{"confidence_interval":{"confidence_level":0.95,"lower_bound":2429701.3571428573,"upper_bound":2437016.2857142854},"point_estimate":2431806.3809523806,"standard_error":2007.4058226940415},"median_abs_dev":{"confidence_interval":{"confidence_level":0.95,"lower_bound":7930.28605920872,"upper_bound":13511.293620126986},"point_estimate":11044.522603920626,"standard_error":1454.030656830537},"slope":null,"std_dev":{"confidence_interval":{"confidence_level":0.95,"lower_bound":8596.413990638595,"upper_bound":10672.552084296514},"point_estimate":9696.991908626613,"standard_error":530.2429660259437}}