{"mean":{"confidence_interval":{"confidence_level":0.95,"lower_bound":6323853.282550001,"upper_bound":6715391.735850002},"point_estimate":6514220.209000003,"standard_error":99707.19717974403},"median":{"confidence_interval":{"confidence_level":0.95,"lower_bound":6202512.5,"upper_bound":6639437.5},"point_estimate":6361745.8,"standard_error":96049.17142733341},"median_abs_dev":{"confidence_interval":{"confidence_level":0.95,"lower_bound":662051.978916228,"upper_bound":1198997.205343545},"point_estimate":928904.4810086489,"standard_error":149370.4651576269},"slope":null,"std_dev":{"confidence_interval":{"confidence_level":0.95,"lower_bound":794827.1443450941,"upper_bound":1211703.4621052614},"point_estimate":1001625.9485797699,"standard_error":108079.33748809023}}