{"mean":{"confidence_interval":{"confidence_level":0.95,"lower_bound":2121262.24075,"upper_bound":2125606.4077708335},"point_estimate":2123406.5287500005,"standard_error":1107.7263398095893},"median":{"confidence_interval":{"confidence_level":0.95,"lower_bound":2116016.979166667,"upper_bound":2126468.3875},"point_estimate":2120143.145833333,"standard_error":2605.1088129053137},"median_abs_dev":{"confidence_interval":{"confidence_level":0.95,"lower_bound":6381.318005146005,"upper_bound":15928.034829720855},"point_estimate":10843.983307480581,"standard_error":2322.4753649158624},"slope":null,"std_dev":{"confidence_interval":{"confidence_level":0.95,"lower_bound":9677.406101529616,"upper_bound":12508.454900087665},"point_estimate":11192.283470878408,"standard_error":724.2898365911394}}