{"mean":{"confidence_interval":{"confidence_level":0.95,"lower_bound":2120103.0553645836,"upper_bound":2120429.4792291666},"point_estimate":2120265.227083333,"standard_error":83.52957944226056},"median":{"confidence_interval":{"confidence_level":0.95,"lower_bound":2119986.708333333,"upper_bound":2120410.625},"point_estimate":2120173.333333333,"standard_error":102.23437531418733},"median_abs_dev":{"confidence_interval":{"confidence_level":0.95,"lower_bound":650.7949803206197,"upper_bound":1036.0285066065871},"point_estimate":866.2090346217155,"standard_error":96.50202364726032},"slope":null,"std_dev":{"confidence_interval":{"confidence_level":0.95,"lower_bound":717.1770197621266,"upper_bound":952.2657482988265},"point_estimate":837.7240958618783,"standard_error":60.07541154837733}}