{"mean":{"confidence_interval":{"confidence_level":0.95,"lower_bound":7960.669363977966,"upper_bound":7980.078259230618},"point_estimate":7967.966805175687,"standard_error":5.1320564125311074},"median":{"confidence_interval":{"confidence_level":0.95,"lower_bound":7956.970280701755,"upper_bound":7960.638821505376},"point_estimate":7958.424466666667,"standard_error":0.8478668672424412},"median_abs_dev":{"confidence_interval":{"confidence_level":0.95,"lower_bound":4.627461830845404,"upper_bound":8.099585837807368},"point_estimate":6.386365743396701,"standard_error":0.8757642285027244},"slope":{"confidence_interval":{"confidence_level":0.95,"lower_bound":7958.241598318537,"upper_bound":7962.554399061618},"point_estimate":7960.307502456037,"standard_error":1.1350653471724212},"std_dev":{"confidence_interval":{"confidence_level":0.95,"lower_bound":9.878930367699311,"upper_bound":84.69830401772039},"point_estimate":50.68876068307728,"standard_error":22.118508116361866}}