{"mean":{"confidence_interval":{"confidence_level":0.95,"lower_bound":28280.418690527324,"upper_bound":28426.677277669784},"point_estimate":28353.83170410918,"standard_error":36.87637998531683},"median":{"confidence_interval":{"confidence_level":0.95,"lower_bound":28298.97469879518,"upper_bound":28452.336750440918},"point_estimate":28410.13045634921,"standard_error":44.51874150132598},"median_abs_dev":{"confidence_interval":{"confidence_level":0.95,"lower_bound":265.7122879909948,"upper_bound":484.1876394606295},"point_estimate":386.11667294495584,"standard_error":57.64622614354882},"slope":{"confidence_interval":{"confidence_level":0.95,"lower_bound":28367.678055751785,"upper_bound":28512.22417566533},"point_estimate":28439.49629164409,"standard_error":36.643683145838146},"std_dev":{"confidence_interval":{"confidence_level":0.95,"lower_bound":320.9382088323114,"upper_bound":400.3006646752719},"point_estimate":363.33414533847986,"standard_error":20.50373281596807}}