{"mean":{"confidence_interval":{"confidence_level":0.95,"lower_bound":3634.5335019300414,"upper_bound":3635.369413936284},"point_estimate":3634.9272563765744,"standard_error":0.2139380488083125},"median":{"confidence_interval":{"confidence_level":0.95,"lower_bound":3634.490036289688,"upper_bound":3635.0576923076924},"point_estimate":3634.8220969506683,"standard_error":0.1342875784319447},"median_abs_dev":{"confidence_interval":{"confidence_level":0.95,"lower_bound":0.9936798968882683,"upper_bound":1.646707942793187},"point_estimate":1.2646722781466742,"standard_error":0.1716371934916029},"slope":{"confidence_interval":{"confidence_level":0.95,"lower_bound":3635.184827944627,"upper_bound":3635.7714534491497},"point_estimate":3635.4623363868286,"standard_error":0.15152854407941171},"std_dev":{"confidence_interval":{"confidence_level":0.95,"lower_bound":1.3893190646688418,"upper_bound":2.8159790098958726},"point_estimate":2.1267398385509946,"standard_error":0.36796821276150604}}