{"mean":{"confidence_interval":{"confidence_level":0.95,"lower_bound":2719622.2105263155,"upper_bound":2720169.3405263154},"point_estimate":2719894.8836842114,"standard_error":139.86153389721744},"median":{"confidence_interval":{"confidence_level":0.95,"lower_bound":2719707.9210526315,"upper_bound":2720320.5},"point_estimate":2719890.6052631577,"standard_error":164.66970292950774},"median_abs_dev":{"confidence_interval":{"confidence_level":0.95,"lower_bound":1011.6403873029326,"upper_bound":1877.2836929872508},"point_estimate":1483.8094631308368,"standard_error":233.15528553438696},"slope":null,"std_dev":{"confidence_interval":{"confidence_level":0.95,"lower_bound":1218.4495733499484,"upper_bound":1574.6101853468845},"point_estimate":1408.1229723788933,"standard_error":90.63755590480876}}