{"mean":{"confidence_interval":{"confidence_level":0.95,"lower_bound":5524314.724075001,"upper_bound":5562092.908500001},"point_estimate":5542718.950000001,"standard_error":9667.119543282783},"median":{"confidence_interval":{"confidence_level":0.95,"lower_bound":5505291.8,"upper_bound":5550124.75},"point_estimate":5529648.75,"standard_error":12228.91750134395},"median_abs_dev":{"confidence_interval":{"confidence_level":0.95,"lower_bound":66372.97817089362,"upper_bound":110515.37419795935},"point_estimate":88886.39035195153,"standard_error":11608.561188329515},"slope":null,"std_dev":{"confidence_interval":{"confidence_level":0.95,"lower_bound":75111.78526689156,"upper_bound":119176.05485182362},"point_estimate":97223.47898011292,"standard_error":11382.27216356302}}