{"mean":{"confidence_interval":{"confidence_level":0.95,"lower_bound":6299.560573582794,"upper_bound":6319.821314530582},"point_estimate":6309.2971564565405,"standard_error":5.1689639531025655},"median":{"confidence_interval":{"confidence_level":0.95,"lower_bound":6283.512779166331,"upper_bound":6306.744199272065},"point_estimate":6291.275567347653,"standard_error":5.035135010941832},"median_abs_dev":{"confidence_interval":{"confidence_level":0.95,"lower_bound":30.15512432039032,"upper_bound":56.020596815362396},"point_estimate":39.30592053191503,"standard_error":6.135059874333495},"slope":{"confidence_interval":{"confidence_level":0.95,"lower_bound":6299.9983232065015,"upper_bound":6321.5938376647355},"point_estimate":6310.450663796487,"standard_error":5.502035074044739},"std_dev":{"confidence_interval":{"confidence_level":0.95,"lower_bound":39.20896639610111,"upper_bound":66.61137543056871},"point_estimate":52.001119592976714,"standard_error":7.409376168272556}}