{"mean":{"confidence_interval":{"confidence_level":0.95,"lower_bound":1016500.6663355386,"upper_bound":1019533.485251578},"point_estimate":1017950.1618304044,"standard_error":777.0735546243548},"median":{"confidence_interval":{"confidence_level":0.95,"lower_bound":1014722.8909774437,"upper_bound":1016530.1099486521},"point_estimate":1015525.1286319613,"standard_error":489.8918137962252},"median_abs_dev":{"confidence_interval":{"confidence_level":0.95,"lower_bound":2569.1449009998087,"upper_bound":4686.309457407741},"point_estimate":3193.843757844046,"standard_error":568.8267569007669},"slope":{"confidence_interval":{"confidence_level":0.95,"lower_bound":1015639.8930596444,"upper_bound":1018378.0253793858},"point_estimate":1016859.2429170976,"standard_error":701.5285785258798},"std_dev":{"confidence_interval":{"confidence_level":0.95,"lower_bound":5906.463036810672,"upper_bound":9408.484895760308},"point_estimate":7820.321963613303,"standard_error":896.4775680733359}}