{"mean":{"confidence_interval":{"confidence_level":0.95,"lower_bound":19473.923026996006,"upper_bound":19780.703620257962},"point_estimate":19623.16222374614,"standard_error":78.70749936471299},"median":{"confidence_interval":{"confidence_level":0.95,"lower_bound":19281.04875,"upper_bound":19418.67258823529},"point_estimate":19373.614944444445,"standard_error":34.3134064798456},"median_abs_dev":{"confidence_interval":{"confidence_level":0.95,"lower_bound":228.44026851496355,"upper_bound":723.7647729414718},"point_estimate":352.2740480692199,"standard_error":133.00054667851307},"slope":{"confidence_interval":{"confidence_level":0.95,"lower_bound":19483.04423108918,"upper_bound":19936.031554514448},"point_estimate":19705.591637653317,"standard_error":115.75413461765059},"std_dev":{"confidence_interval":{"confidence_level":0.95,"lower_bound":666.1008411205886,"upper_bound":886.7900988686096},"point_estimate":790.5648468662607,"standard_error":56.69778227449517}}