{"mean":{"confidence_interval":{"confidence_level":0.95,"lower_bound":2656022.2423552643,"upper_bound":2660954.748105264},"point_estimate":2658398.6468421053,"standard_error":1257.5573070275625},"median":{"confidence_interval":{"confidence_level":0.95,"lower_bound":2652950.947368421,"upper_bound":2656488.5263157897},"point_estimate":2654487.078947368,"standard_error":957.7631105060882},"median_abs_dev":{"confidence_interval":{"confidence_level":0.95,"lower_bound":6572.946043174837,"upper_bound":12297.347450099602},"point_estimate":9707.011201349713,"standard_error":1427.2162783533192},"slope":null,"std_dev":{"confidence_interval":{"confidence_level":0.95,"lower_bound":9972.729479924605,"upper_bound":15020.509117308731},"point_estimate":12642.780302672967,"standard_error":1297.5082812412238}}