{"mean":{"confidence_interval":{"confidence_level":0.95,"lower_bound":6766513.53482143,"upper_bound":7048947.880964287},"point_estimate":6894107.442857145,"standard_error":72223.92500188487},"median":{"confidence_interval":{"confidence_level":0.95,"lower_bound":6623553.571428572,"upper_bound":6722041.571428572},"point_estimate":6646616.0,"standard_error":24028.784767059304},"median_abs_dev":{"confidence_interval":{"confidence_level":0.95,"lower_bound":91405.03648223565,"upper_bound":219327.6858061552},"point_estimate":130115.72708998427,"standard_error":31015.418235963116},"slope":null,"std_dev":{"confidence_interval":{"confidence_level":0.95,"lower_bound":387562.0778070254,"upper_bound":1014638.9468061344},"point_estimate":726454.4531244384,"standard_error":161055.01148535506}}