{"mean":{"confidence_interval":{"confidence_level":0.95,"lower_bound":7377129.477142859,"upper_bound":7378878.122857142},"point_estimate":7377953.92857143,"standard_error":455.06271477378266},"median":{"confidence_interval":{"confidence_level":0.95,"lower_bound":7376238.857142857,"upper_bound":7377447.142857144},"point_estimate":7376754.214285715,"standard_error":277.79182683784455},"median_abs_dev":{"confidence_interval":{"confidence_level":0.95,"lower_bound":2079.770063076306,"upper_bound":3746.424233488463},"point_estimate":2620.1777534821517,"standard_error":420.7067139607158},"slope":null,"std_dev":{"confidence_interval":{"confidence_level":0.95,"lower_bound":3520.879167751525,"upper_bound":5539.147953956091},"point_estimate":4614.5806029146415,"standard_error":514.6181909471649}}