{"mean":{"confidence_interval":{"confidence_level":0.95,"lower_bound":259314.06000035768,"upper_bound":259379.12188283118},"point_estimate":259344.39348001673,"standard_error":16.641903240406048},"median":{"confidence_interval":{"confidence_level":0.95,"lower_bound":259286.39454022987,"upper_bound":259315.30434782608},"point_estimate":259301.27080508473,"standard_error":6.628999530787565},"median_abs_dev":{"confidence_interval":{"confidence_level":0.95,"lower_bound":55.25319236908564,"upper_bound":109.84909529408635},"point_estimate":80.55014502344683,"standard_error":13.456187868818883},"slope":{"confidence_interval":{"confidence_level":0.95,"lower_bound":259256.46685746245,"upper_bound":259286.2784532946},"point_estimate":259270.66299689672,"standard_error":7.618411252092253},"std_dev":{"confidence_interval":{"confidence_level":0.95,"lower_bound":103.81502238652992,"upper_bound":223.10060494181127},"point_estimate":167.81062101253593,"standard_error":30.67984101008318}}