{"mean":{"confidence_interval":{"confidence_level":0.95,"lower_bound":410309.85637516034,"upper_bound":412214.43713153596},"point_estimate":411251.2775070412,"standard_error":482.7436924261175},"median":{"confidence_interval":{"confidence_level":0.95,"lower_bound":411688.75757575757,"upper_bound":412624.09722222225},"point_estimate":412063.26640499197,"standard_error":287.04530357965604},"median_abs_dev":{"confidence_interval":{"confidence_level":0.95,"lower_bound":1721.220078854018,"upper_bound":3566.270037127155},"point_estimate":2722.3333251307226,"standard_error":519.6379944081442},"slope":{"confidence_interval":{"confidence_level":0.95,"lower_bound":408956.1028431897,"upper_bound":413417.68877757015},"point_estimate":411115.42967932613,"standard_error":1130.2636771445686},"std_dev":{"confidence_interval":{"confidence_level":0.95,"lower_bound":3355.8413350936294,"upper_bound":6368.629113555117},"point_estimate":4865.515603484078,"standard_error":775.4059347710879}}