{"mean":{"confidence_interval":{"confidence_level":0.95,"lower_bound":890389.0604871622,"upper_bound":911708.0140121744},"point_estimate":900013.7183357972,"standard_error":5461.684686720906},"median":{"confidence_interval":{"confidence_level":0.95,"lower_bound":875443.6294117647,"upper_bound":882680.1660463193},"point_estimate":877505.774068323,"standard_error":1895.5373200024853},"median_abs_dev":{"confidence_interval":{"confidence_level":0.95,"lower_bound":6840.245249979199,"upper_bound":17789.17324472383},"point_estimate":9833.367258616756,"standard_error":2785.3420717825597},"slope":{"confidence_interval":{"confidence_level":0.95,"lower_bound":885206.897562117,"upper_bound":902499.1224280156},"point_estimate":893019.0859317275,"standard_error":4431.997709006907},"std_dev":{"confidence_interval":{"confidence_level":0.95,"lower_bound":31721.181841156627,"upper_bound":78578.63384485968},"point_estimate":55056.58022453462,"standard_error":12817.118988691785}}