{"mean":{"confidence_interval":{"confidence_level":0.95,"lower_bound":732775.0719050054,"upper_bound":732957.5737776188},"point_estimate":732863.7124718535,"standard_error":46.620827493936055},"median":{"confidence_interval":{"confidence_level":0.95,"lower_bound":732742.6014492754,"upper_bound":732975.6737637363},"point_estimate":732886.5763134058,"standard_error":62.14806195700676},"median_abs_dev":{"confidence_interval":{"confidence_level":0.95,"lower_bound":352.4498817886943,"upper_bound":570.0626850308421},"point_estimate":475.42215080414803,"standard_error":60.053295991488284},"slope":{"confidence_interval":{"confidence_level":0.95,"lower_bound":732675.4259700904,"upper_bound":732880.2323973445},"point_estimate":732774.9394635733,"standard_error":52.1047487298},"std_dev":{"confidence_interval":{"confidence_level":0.95,"lower_bound":360.027217519113,"upper_bound":575.437245645188},"point_estimate":466.428137155365,"standard_error":56.1701215884601}}