{"mean":{"confidence_interval":{"confidence_level":0.95,"lower_bound":13139.948167129536,"upper_bound":13327.541066094267},"point_estimate":13231.003940346027,"standard_error":47.868273518632115},"median":{"confidence_interval":{"confidence_level":0.95,"lower_bound":13028.856540084389,"upper_bound":13205.323647871117},"point_estimate":13082.856912385207,"standard_error":45.5731331404741},"median_abs_dev":{"confidence_interval":{"confidence_level":0.95,"lower_bound":284.968688463948,"upper_bound":588.7453307469966},"point_estimate":413.1559421832806,"standard_error":76.3438568737126},"slope":{"confidence_interval":{"confidence_level":0.95,"lower_bound":13004.779229260295,"upper_bound":13189.01991979482},"point_estimate":13092.510188161836,"standard_error":47.31469229055063},"std_dev":{"confidence_interval":{"confidence_level":0.95,"lower_bound":383.42540056816847,"upper_bound":598.1823234118774},"point_estimate":483.5478149486677,"standard_error":57.300420130478656}}