{"mean":{"confidence_interval":{"confidence_level":0.95,"lower_bound":6952.148543866718,"upper_bound":6965.020347409986},"point_estimate":6958.484632405248,"standard_error":3.3760689447566583},"median":{"confidence_interval":{"confidence_level":0.95,"lower_bound":6952.181818181818,"upper_bound":6965.968111888112},"point_estimate":6959.204156954157,"standard_error":3.7174832357576104},"median_abs_dev":{"confidence_interval":{"confidence_level":0.95,"lower_bound":23.244852769409448,"upper_bound":44.16320535071997},"point_estimate":32.339658318629816,"standard_error":5.338839786723091},"slope":{"confidence_interval":{"confidence_level":0.95,"lower_bound":6953.132584209129,"upper_bound":6970.226154159352},"point_estimate":6962.24541492496,"standard_error":4.37621230933715},"std_dev":{"confidence_interval":{"confidence_level":0.95,"lower_bound":28.886465958002837,"upper_bound":39.5254330147466},"point_estimate":34.25641318650139,"standard_error":2.729228547188997}}