{"mean":{"confidence_interval":{"confidence_level":0.95,"lower_bound":5607664.253527776,"upper_bound":5649526.702194443},"point_estimate":5628225.765555555,"standard_error":10707.99504464636},"median":{"confidence_interval":{"confidence_level":0.95,"lower_bound":5587302.388888888,"upper_bound":5651930.111111111},"point_estimate":5623216.277777778,"standard_error":17120.47649067454},"median_abs_dev":{"confidence_interval":{"confidence_level":0.95,"lower_bound":89984.34623579169,"upper_bound":134408.76387126773},"point_estimate":117832.10390806175,"standard_error":11281.641512273136},"slope":null,"std_dev":{"confidence_interval":{"confidence_level":0.95,"lower_bound":89854.54478541265,"upper_bound":125274.1111184023},"point_estimate":107532.49253376032,"standard_error":9142.72533107978}}