{"mean":{"confidence_interval":{"confidence_level":0.95,"lower_bound":2162305.4702916667,"upper_bound":2162472.9050416662},"point_estimate":2162389.1929166657,"standard_error":42.88379139547855},"median":{"confidence_interval":{"confidence_level":0.95,"lower_bound":2162277.104166667,"upper_bound":2162481.229166667},"point_estimate":2162393.6875,"standard_error":54.23793695490085},"median_abs_dev":{"confidence_interval":{"confidence_level":0.95,"lower_bound":351.0055437684059,"upper_bound":551.2546080257616},"point_estimate":459.9766418337822,"standard_error":51.83621001972349},"slope":null,"std_dev":{"confidence_interval":{"confidence_level":0.95,"lower_bound":353.02075921631985,"upper_bound":512.5821763429933},"point_estimate":431.38989344613253,"standard_error":41.12797468213332}}